system_id,system_short,system,module_id,module,module_original,audit_status,evidence_strength,n_genes,n_cpg_rows,citation_keys,evidence_note,deep_search_url
1,oxytocin,"Oxytocin, vasopressin & CICR",1.1,"Oxytocin/vasopressin peptide biosynthesis, processing and receptors",Oxytocin and vasopressin peptides and receptors,renamed_for_mechanistic_precision,High,13,122,[Zin12]; [Iov20],The locked genes span the peptides/receptors plus prohormone processing and secretory-granule factors; the broader label matches the actual subprocess.,https://app.undermind.ai/projects/4a4c1774-bd88-462d-889b-015f29a373b5?path=/Neuroendocrine%20endocrine%20module%20evidence
1,oxytocin,"Oxytocin, vasopressin & CICR",1.2,CD38/cADPR-NAADP calcium mobilization for peptide release,CD38-cADPR route to oxytocin release,renamed_for_mechanistic_precision,High,6,106,[Hig07]; [Lop10]; [Sal10],BST1/CD38 and TPCN/TRPM2 genes extend beyond a narrow cADPR-only label to the linked intracellular calcium-mobilization machinery implicated in neuropeptide release.,https://app.undermind.ai/projects/4a4c1774-bd88-462d-889b-015f29a373b5?path=/Neuroendocrine%20endocrine%20module%20evidence
1,oxytocin,"Oxytocin, vasopressin & CICR",1.3,Gq-PLC-IP3 transduction,Gq-PLC-IP3 transduction,supported_as_named,High,13,396,[Iov20]; [Bri13],Retained after audit: the locked genes form a coherent subprocess matching the original module label.,https://app.undermind.ai/projects/4a4c1774-bd88-462d-889b-015f29a373b5?path=/Neuroendocrine%20endocrine%20module%20evidence
1,oxytocin,"Oxytocin, vasopressin & CICR",1.4,Ryanodine receptor CICR complex,Ryanodine receptor CICR complex,supported_as_named,High,16,212,[Tob12]; [Hig07],Retained after audit: the locked genes form a coherent subprocess matching the original module label.,https://app.undermind.ai/projects/4a4c1774-bd88-462d-889b-015f29a373b5?path=/Neuroendocrine%20endocrine%20module%20evidence
1,oxytocin,"Oxytocin, vasopressin & CICR",1.5,Calcium clearance and store refilling,Calcium clearance and store refilling,supported_as_named,High,12,222,[Bri13]; [Tob12],Retained after audit: the locked genes form a coherent subprocess matching the original module label.,https://app.undermind.ai/projects/4a4c1774-bd88-462d-889b-015f29a373b5?path=/Neuroendocrine%20endocrine%20module%20evidence
1,oxytocin,"Oxytocin, vasopressin & CICR",1.6,Store-operated calcium entry,Store-operated calcium entry,supported_as_named,High,5,63,[Ong19]; [Bri13],Retained after audit: the locked genes form a coherent subprocess matching the original module label.,https://app.undermind.ai/projects/4a4c1774-bd88-462d-889b-015f29a373b5?path=/Neuroendocrine%20endocrine%20module%20evidence
1,oxytocin,"Oxytocin, vasopressin & CICR",1.7,Voltage-gated calcium entry,Voltage-gated calcium entry,supported_as_named,High,7,320,[Tob12]; [Wan99],Retained after audit: the locked genes form a coherent subprocess matching the original module label.,https://app.undermind.ai/projects/4a4c1774-bd88-462d-889b-015f29a373b5?path=/Neuroendocrine%20endocrine%20module%20evidence
1,oxytocin,"Oxytocin, vasopressin & CICR",1.8,Calcium sensing and downstream decoding,Calcium decoding,renamed_for_mechanistic_precision,High,11,132,[Bri13]; [Tob12],"Calbindins, calmodulins, CaMKs and NOS1 are calcium sensors/effectors rather than one uniform decoder class; the revised label is more mechanistically exact.",https://app.undermind.ai/projects/4a4c1774-bd88-462d-889b-015f29a373b5?path=/Neuroendocrine%20endocrine%20module%20evidence
1,oxytocin,"Oxytocin, vasopressin & CICR",1.9,Dense-core vesicle release machinery,Dense-core vesicle release machinery,supported_as_named,High,7,130,[Tob12]; [Zin12],Retained after audit: the locked genes form a coherent subprocess matching the original module label.,https://app.undermind.ai/projects/4a4c1774-bd88-462d-889b-015f29a373b5?path=/Neuroendocrine%20endocrine%20module%20evidence
2,hpa,HPA axis & glucocorticoid signalling,2.1,Hypothalamic CRH-family/PACAP drive and PVN neuroendocrine specification,H - hypothalamic CRH drive,renamed_for_mechanistic_precision,High,9,93,[Agu11]; [Her16],CRH/urocortins and PACAP signaling are combined with SIM1/OTP/ARNT2 developmental specification of hypothalamic neuroendocrine neurons.,https://app.undermind.ai/projects/4a4c1774-bd88-462d-889b-015f29a373b5?path=/Neuroendocrine%20endocrine%20module%20evidence
2,hpa,HPA axis & glucocorticoid signalling,2.2,CRH-family receptors,CRH receptors,renamed_for_mechanistic_precision,High,2,51,[Agu11]; [Her16],"CRHR1 and CRHR2 are receptors for CRH-family ligands, including urocortins; this is more precise than 'CRH receptors' alone.",https://app.undermind.ai/projects/4a4c1774-bd88-462d-889b-015f29a373b5?path=/Neuroendocrine%20endocrine%20module%20evidence
2,hpa,HPA axis & glucocorticoid signalling,2.3,P - pituitary corticotroph and POMC processing,P - pituitary corticotroph and POMC processing,supported_as_named,High,6,52,[Gal16]; [Her16],Retained after audit: the locked genes form a coherent subprocess matching the original module label.,https://app.undermind.ai/projects/4a4c1774-bd88-462d-889b-015f29a373b5?path=/Neuroendocrine%20endocrine%20module%20evidence
2,hpa,HPA axis & glucocorticoid signalling,2.4,A - adrenal ACTH reception,A - adrenal ACTH reception,supported_as_named,High,3,19,[Gal16]; [Her16],Retained after audit: the locked genes form a coherent subprocess matching the original module label.,https://app.undermind.ai/projects/4a4c1774-bd88-462d-889b-015f29a373b5?path=/Neuroendocrine%20endocrine%20module%20evidence
2,hpa,HPA axis & glucocorticoid signalling,2.5,Pre-receptor glucocorticoid regeneration,Pre-receptor cortisol amplification,renamed_for_mechanistic_precision,High,2,21,[Cha13]; [Her16],HSD11B1 with H6PD supports intracellular regeneration/amplification of active glucocorticoid before receptor binding.,https://app.undermind.ai/projects/4a4c1774-bd88-462d-889b-015f29a373b5?path=/Neuroendocrine%20endocrine%20module%20evidence
2,hpa,HPA axis & glucocorticoid signalling,2.6,Corticosteroid receptors and receptor chaperone complex,Glucocorticoid receptor and chaperone complex,renamed_for_mechanistic_precision,High,13,107,[Fri17]; [Fad23],"The locked set contains both NR3C1 (GR) and NR3C2 (MR), together with HSP/FKBP/chaperone machinery; 'glucocorticoid receptor' alone was too narrow.",https://app.undermind.ai/projects/4a4c1774-bd88-462d-889b-015f29a373b5?path=/Neuroendocrine%20endocrine%20module%20evidence
2,hpa,HPA axis & glucocorticoid signalling,2.7,Glucocorticoid transcriptional output,Glucocorticoid transcriptional output,supported_as_named,High,8,152,[Fad23]; [Her16],Retained after audit: the locked genes form a coherent subprocess matching the original module label.,https://app.undermind.ai/projects/4a4c1774-bd88-462d-889b-015f29a373b5?path=/Neuroendocrine%20endocrine%20module%20evidence
2,hpa,HPA axis & glucocorticoid signalling,2.8,"Feedback, glucocorticoid availability, transport and buffering",Negative feedback and ligand restriction,renamed_for_mechanistic_precision,High,6,49,[Kel15]; [Cha13]; [Her16],"The genes combine HPA feedback mediators with cortisol binding/transport, 11β-HSD2 inactivation and ABCB1 restriction; the former label collapsed several ligand-availability mechanisms.",https://app.undermind.ai/projects/4a4c1774-bd88-462d-889b-015f29a373b5?path=/Neuroendocrine%20endocrine%20module%20evidence
3,steroidogenesis,Steroidogenesis (adrenal & gonadal),3.1,Cholesterol supply and mitochondrial import,Cholesterol supply and mitochondrial import,supported_as_named,High,10,84,[Mil11]; [Pay04],Retained after audit: the locked genes form a coherent subprocess matching the original module label.,https://app.undermind.ai/projects/4a4c1774-bd88-462d-889b-015f29a373b5?path=/Neuroendocrine%20endocrine%20module%20evidence
3,steroidogenesis,Steroidogenesis (adrenal & gonadal),3.2,Electron transfer partners,Electron transfer partners,supported_as_named,High,5,50,[Mil11]; [Pay04],Retained after audit: the locked genes form a coherent subprocess matching the original module label.,https://app.undermind.ai/projects/4a4c1774-bd88-462d-889b-015f29a373b5?path=/Neuroendocrine%20endocrine%20module%20evidence
3,steroidogenesis,Steroidogenesis (adrenal & gonadal),3.3,Core steroidogenic enzymes,Core steroidogenic enzymes,supported_as_named,High,6,19,[Mil11]; [Pay04],Retained after audit: the locked genes form a coherent subprocess matching the original module label.,https://app.undermind.ai/projects/4a4c1774-bd88-462d-889b-015f29a373b5?path=/Neuroendocrine%20endocrine%20module%20evidence
3,steroidogenesis,Steroidogenesis (adrenal & gonadal),3.4,Transcriptional control of steroidogenesis,Transcriptional control of steroidogenesis,supported_as_named,High,6,130,[Mil11]; [Pay04],Retained after audit: the locked genes form a coherent subprocess matching the original module label.,https://app.undermind.ai/projects/4a4c1774-bd88-462d-889b-015f29a373b5?path=/Neuroendocrine%20endocrine%20module%20evidence
3,steroidogenesis,Steroidogenesis (adrenal & gonadal),3.5,Aldosterone synthesis and renin-angiotensin control,Mineralocorticoid arm and renin-angiotensin,renamed_for_mechanistic_precision,High,5,41,[Bol14]; [Spa04],"CYP11B2 is the aldosterone synthase, while REN/AGT/ACE/AGTR1 comprise upstream RAAS control; this names the actual mineralocorticoid arm.",https://app.undermind.ai/projects/4a4c1774-bd88-462d-889b-015f29a373b5?path=/Neuroendocrine%20endocrine%20module%20evidence
3,steroidogenesis,Steroidogenesis (adrenal & gonadal),3.6,Neurosteroid metabolism and membrane-associated progesterone signaling,Neurosteroid branch,renamed_for_mechanistic_precision,Moderate,3,59,[Mil11]; [Pen97],CYP7B1 and SULT2B1 are steroid-metabolic enzymes whereas PGRMC1 is a membrane-associated progesterone-binding/signaling protein; 'neurosteroid branch' was underspecified.,https://app.undermind.ai/projects/4a4c1774-bd88-462d-889b-015f29a373b5?path=/Neuroendocrine%20endocrine%20module%20evidence
4,sex_steroids,Sex steroids: receptors & metabolism,4.1,Androgen receptor signaling and canonical targets,Androgen receptor and target genes,renamed_for_mechanistic_precision,High,6,94,[Bea00]; [Mil11],AR is grouped with pioneer factor FOXA1 and well-established androgen-responsive target genes; 'receptor and targets' is retained conceptually but made explicitly signaling-oriented.,https://app.undermind.ai/projects/4a4c1774-bd88-462d-889b-015f29a373b5?path=/Neuroendocrine%20endocrine%20module%20evidence
4,sex_steroids,Sex steroids: receptors & metabolism,4.2,Estrogen/progesterone receptor signaling and targets,Estrogen and progesterone receptors and targets,renamed_for_mechanistic_precision,High,6,137,[Bea00]; [Mil11],"The set mixes nuclear estrogen/progesterone receptors, GPER1, and hormone-responsive targets; the revised wording matches those roles.",https://app.undermind.ai/projects/4a4c1774-bd88-462d-889b-015f29a373b5?path=/Neuroendocrine%20endocrine%20module%20evidence
4,sex_steroids,Sex steroids: receptors & metabolism,4.3,Nuclear-receptor coregulators and pioneer factors,Nuclear-receptor coregulators and pioneer factors,supported_as_named,High,10,259,[Bea00]; [Fad23],Retained after audit: the locked genes form a coherent subprocess matching the original module label.,https://app.undermind.ai/projects/4a4c1774-bd88-462d-889b-015f29a373b5?path=/Neuroendocrine%20endocrine%20module%20evidence
4,sex_steroids,Sex steroids: receptors & metabolism,4.4,Aromatization and steroid 5α-reduction,Aromatisation and 5-alpha reduction,renamed_for_mechanistic_precision,High,5,46,[Mil11]; [Pay04],"CYP19A1 catalyzes aromatization, while SRD5A1/2/3 and AKR1D1 participate in steroid 5α-reduction/metabolism; this avoids implying one substrate class.",https://app.undermind.ai/projects/4a4c1774-bd88-462d-889b-015f29a373b5?path=/Neuroendocrine%20endocrine%20module%20evidence
4,sex_steroids,Sex steroids: receptors & metabolism,4.5,17-beta HSD interconversion,17-beta HSD interconversion,supported_as_named,High,8,60,[Pen97]; [Mil11],Retained after audit: the locked genes form a coherent subprocess matching the original module label.,https://app.undermind.ai/projects/4a4c1774-bd88-462d-889b-015f29a373b5?path=/Neuroendocrine%20endocrine%20module%20evidence
4,sex_steroids,Sex steroids: receptors & metabolism,4.6,"AKR1C reductases (androgen, progesterone, neurosteroid)","AKR1C reductases (androgen, progesterone, neurosteroid)",supported_as_named,High,4,17,[Pen97]; [Mil11],Retained after audit: the locked genes form a coherent subprocess matching the original module label.,https://app.undermind.ai/projects/4a4c1774-bd88-462d-889b-015f29a373b5?path=/Neuroendocrine%20endocrine%20module%20evidence
4,sex_steroids,Sex steroids: receptors & metabolism,4.7,"Conjugation, hydrolysis and circulating transport","Conjugation, hydrolysis and circulating transport",supported_as_named,High,9,62,[Mil11]; [Pen97],Retained after audit: the locked genes form a coherent subprocess matching the original module label.,https://app.undermind.ai/projects/4a4c1774-bd88-462d-889b-015f29a373b5?path=/Neuroendocrine%20endocrine%20module%20evidence
4,sex_steroids,Sex steroids: receptors & metabolism,4.8,Oxidative estrogen metabolism,Oxidative estrogen metabolism,supported_as_named,High,3,30,[Mil11]; [Pay04],Retained after audit: the locked genes form a coherent subprocess matching the original module label.,https://app.undermind.ai/projects/4a4c1774-bd88-462d-889b-015f29a373b5?path=/Neuroendocrine%20endocrine%20module%20evidence
5,hpg,"HPG axis, puberty & KNDy",5.1,KNDy/puberty timing and neuroendocrine gate,KNDy neurons and the pubertal gate,renamed_for_mechanistic_precision,Moderate,11,110,[Leh10]; [Sko14]; [Oak09],"The genes include canonical KISS1/TAC3/TACR3 circuitry plus puberty-timing and GnRH-development modifiers such as LIN28A/B, IGSF10 and HS6ST1; a broader gate/timing label fits the locked set.",https://app.undermind.ai/projects/4a4c1774-bd88-462d-889b-015f29a373b5?path=/Neuroendocrine%20endocrine%20module%20evidence
5,hpg,"HPG axis, puberty & KNDy",5.2,GnRH neuron specification and migration,GnRH neuron specification and migration,supported_as_named,High,18,166,[Kap17]; [Sko14],Retained after audit: the locked genes form a coherent subprocess matching the original module label.,https://app.undermind.ai/projects/4a4c1774-bd88-462d-889b-015f29a373b5?path=/Neuroendocrine%20endocrine%20module%20evidence
5,hpg,"HPG axis, puberty & KNDy",5.3,Pituitary gonadotrope GnRH reception and FSH synthesis,P - pituitary gonadotrope,renamed_for_mechanistic_precision,High,3,8,[Tha09]; [Kap17],"GNRHR, FSHB and the common glycoprotein α-subunit CGA specifically capture GnRH reception and FSH/glycoprotein hormone synthesis; LHB is not in the locked set.",https://app.undermind.ai/projects/4a4c1774-bd88-462d-889b-015f29a373b5?path=/Neuroendocrine%20endocrine%20module%20evidence
5,hpg,"HPG axis, puberty & KNDy",5.4,G - gonadal gonadotropin receptors,G - gonadal gonadotropin receptors,supported_as_named,High,2,15,[The00]; [Kap17],Retained after audit: the locked genes form a coherent subprocess matching the original module label.,https://app.undermind.ai/projects/4a4c1774-bd88-462d-889b-015f29a373b5?path=/Neuroendocrine%20endocrine%20module%20evidence
5,hpg,"HPG axis, puberty & KNDy",5.5,Inhibin/activin/AMH and gonadal TGF-β-family signaling,"Inhibin, activin and AMH negative feedback",renamed_for_mechanistic_precision,High,11,79,[Kap17]; [Ace18],"INH/ACVR/FSTL3 genes fit inhibin-activin feedback, but BMP15 and GDF9 are gonadal TGF-β-family paracrine factors rather than simple negative-feedback components.",https://app.undermind.ai/projects/4a4c1774-bd88-462d-889b-015f29a373b5?path=/Neuroendocrine%20endocrine%20module%20evidence
5,hpg,"HPG axis, puberty & KNDy",5.6,Gonadal sex determination and differentiation,Gonadal sex determination and differentiation,supported_as_named,High,10,116,[Kap17]; [Mcc21],Retained after audit: the locked genes form a coherent subprocess matching the original module label.,https://app.undermind.ai/projects/4a4c1774-bd88-462d-889b-015f29a373b5?path=/Neuroendocrine%20endocrine%20module%20evidence
6,libido,Libido & sexual function,6.1,Nitric oxide - cGMP vasodilatory pathway,Nitric oxide - cGMP vasodilatory pathway,supported_as_named,High,8,109,[Lin05]; [Mes00],Retained after audit: the locked genes form a coherent subprocess matching the original module label.,https://app.undermind.ai/projects/4a4c1774-bd88-462d-889b-015f29a373b5?path=/Neuroendocrine%20endocrine%20module%20evidence
6,libido,Libido & sexual function,6.2,Arginine supply and methylarginine control,Arginine supply and methylarginine control,supported_as_named,High,7,84,[Lin05]; [Mes00],Retained after audit: the locked genes form a coherent subprocess matching the original module label.,https://app.undermind.ai/projects/4a4c1774-bd88-462d-889b-015f29a373b5?path=/Neuroendocrine%20endocrine%20module%20evidence
6,libido,Libido & sexual function,6.3,Prolactin receptor–JAK2/STAT5 signaling in reproductive/sexual physiology,Prolactin and the sexual refractory period,renamed_to_remove_causal_overclaim,High,5,57,[Val20]; [Nap21]; [Kru02],"PRL/PRLR/JAK2/STAT5 form a coherent prolactin-signaling module, but experimental evidence does not support prolactin as a necessary or sufficient causal switch for the post-ejaculatory refractory period.",https://app.undermind.ai/projects/4a4c1774-bd88-462d-889b-015f29a373b5?path=/Neuroendocrine%20endocrine%20module%20evidence
6,libido,Libido & sexual function,6.4,Galanin signalling,Galanin signalling,supported_as_named,Moderate,4,21,[Mes00],Retained after audit: the locked genes form a coherent subprocess matching the original module label.,https://app.undermind.ai/projects/4a4c1774-bd88-462d-889b-015f29a373b5?path=/Neuroendocrine%20endocrine%20module%20evidence
6,libido,Libido & sexual function,6.5,Prostanoid signalling,Prostanoid signalling,supported_as_named,Moderate,6,37,[Mes00]; [Lin05],Retained after audit: the locked genes form a coherent subprocess matching the original module label.,https://app.undermind.ai/projects/4a4c1774-bd88-462d-889b-015f29a373b5?path=/Neuroendocrine%20endocrine%20module%20evidence
6,libido,Libido & sexual function,6.6,Chemosensory receptors with candidate social/sexual odor relevance,Chemosensory and pheromonal,renamed_to_remove_human_pheromone_overclaim,Moderate,3,4,[Hen17]; [Wal13],"OR7D4, TAAR5 and VN1R1 have chemosensory evidence, but a proven human 'pheromonal pathway' is not established; the revised label removes that overclaim.",https://app.undermind.ai/projects/4a4c1774-bd88-462d-889b-015f29a373b5?path=/Neuroendocrine%20endocrine%20module%20evidence
7,pregnancy,"Pregnancy, parturition & lactation",7.1,Placental peptide hormones,Placental hormones,renamed_for_mechanistic_precision,High,2,4,[Nap18]; [Pet10b],CSH1 and INSL4 are placenta-associated peptide hormones; the revised label is a precise subprocess description.,https://app.undermind.ai/projects/4a4c1774-bd88-462d-889b-015f29a373b5?path=/Neuroendocrine%20endocrine%20module%20evidence
7,pregnancy,"Pregnancy, parturition & lactation",7.2,Placental angiogenesis and preeclampsia-related vascular signaling,Placental vasculature and preeclampsia,renamed_for_mechanistic_precision,High,6,80,[Nap18]; [Pet10b],"VEGFA/PGF-KDR/FLT1, ENG and HIF1A define placental vascular/hypoxia biology strongly implicated in preeclampsia; the former label was disease-forward rather than process-forward.",https://app.undermind.ai/projects/4a4c1774-bd88-462d-889b-015f29a373b5?path=/Neuroendocrine%20endocrine%20module%20evidence
7,pregnancy,"Pregnancy, parturition & lactation",7.3,Myometrial activation and parturition,Myometrial activation and parturition,supported_as_named,High,4,25,[Ham24]; [Men19],Retained after audit: the locked genes form a coherent subprocess matching the original module label.,https://app.undermind.ai/projects/4a4c1774-bd88-462d-889b-015f29a373b5?path=/Neuroendocrine%20endocrine%20module%20evidence
7,pregnancy,"Pregnancy, parturition & lactation",7.4,Relaxin family,Relaxin family,supported_as_named,High,3,19,[Rel03]; [Pet10b],Retained after audit: the locked genes form a coherent subprocess matching the original module label.,https://app.undermind.ai/projects/4a4c1774-bd88-462d-889b-015f29a373b5?path=/Neuroendocrine%20endocrine%20module%20evidence
7,pregnancy,"Pregnancy, parturition & lactation",7.5,Lactogenesis and milk-protein synthesis,Lactation and milk synthesis,renamed_for_mechanistic_precision,High,3,10,[Nap18]; [Pet10b],CSN2 and LALBA encode milk proteins and ELF5 is a key mammary alveolar/lactogenic regulator; this is more process-specific than 'lactation'.,https://app.undermind.ai/projects/4a4c1774-bd88-462d-889b-015f29a373b5?path=/Neuroendocrine%20endocrine%20module%20evidence
7,pregnancy,"Pregnancy, parturition & lactation",7.6,Trophoblast invasion and implantation,Trophoblast invasion and implantation,supported_as_named,High,7,86,[Pet10b]; [Nap18],Retained after audit: the locked genes form a coherent subprocess matching the original module label.,https://app.undermind.ai/projects/4a4c1774-bd88-462d-889b-015f29a373b5?path=/Neuroendocrine%20endocrine%20module%20evidence
8,dopamine,Dopamine,8.1,D1-like receptors and Gs signalling,D1-like receptors and Gs signalling,supported_as_named,High,3,22,[Nis11]; [Azi20],Retained after audit: the locked genes form a coherent subprocess matching the original module label.,https://app.undermind.ai/projects/4a4c1774-bd88-462d-889b-015f29a373b5?path=/Monoamine%20neuropeptide%20lipid%20module%20evidence
8,dopamine,Dopamine,8.2,D2-like receptors and Gi signalling,D2-like receptors and Gi signalling,supported_as_named,High,9,109,[Bea11]; [Che20],Retained after audit: the locked genes form a coherent subprocess matching the original module label.,https://app.undermind.ai/projects/4a4c1774-bd88-462d-889b-015f29a373b5?path=/Monoamine%20neuropeptide%20lipid%20module%20evidence
8,dopamine,Dopamine,8.3,"Dopamine reuptake, uptake-2 transport and catabolism",Reuptake and catabolism,renamed_for_mechanistic_precision,High,4,77,[Ram02]; [Azi20],"SLC6A3 is the high-affinity dopamine transporter, SLC22A1/2 are polyspecific uptake-2-type transporters, and COMT catabolizes catecholamines; 'reuptake and catabolism' was too uniform.",https://app.undermind.ai/projects/4a4c1774-bd88-462d-889b-015f29a373b5?path=/Monoamine%20neuropeptide%20lipid%20module%20evidence
8,dopamine,Dopamine,8.4,Adenosine modulation of dopaminergic signaling,Adenosine heteromer modulation,renamed_for_mechanistic_precision,High,5,86,[Fer08]; [Fer18b],ADORA receptors and adenosine-metabolism genes modulate dopamine signaling; only part of this biology is specifically explained by receptor heteromers.,https://app.undermind.ai/projects/4a4c1774-bd88-462d-889b-015f29a373b5?path=/Monoamine%20neuropeptide%20lipid%20module%20evidence
8,dopamine,Dopamine,8.5,Postsynaptic integration and plasticity,Postsynaptic integration and plasticity,supported_as_named,High,6,108,[Nis11]; [Bea11],Retained after audit: the locked genes form a coherent subprocess matching the original module label.,https://app.undermind.ai/projects/4a4c1774-bd88-462d-889b-015f29a373b5?path=/Monoamine%20neuropeptide%20lipid%20module%20evidence
8,dopamine,Dopamine,8.6,"Dopaminergic neuron specification, maintenance and proteostasis",Dopaminergic neuron identity and survival,renamed_for_mechanistic_precision,High,7,80,[Fla11]; [Nag07],"EN1/FOXA2/LMX1A/NR4A2/PITX3 specify/maintain dopamine neurons, ALDH1A1 supports subtype metabolism, and SNCA adds proteostasis/synaptic biology; 'identity and survival' was slightly too narrow.",https://app.undermind.ai/projects/4a4c1774-bd88-462d-889b-015f29a373b5?path=/Monoamine%20neuropeptide%20lipid%20module%20evidence
9,serotonin,Serotonin,9.1,"Serotonin synthesis, reuptake and transporter regulation",Synthesis and reuptake,renamed_for_mechanistic_precision,High,4,44,[Wal17]; [Ram02],"TPH1/2 synthesize serotonin, SLC6A4 mediates reuptake, and ITGB3 can regulate SERT trafficking/function rather than synthesis itself.",https://app.undermind.ai/projects/4a4c1774-bd88-462d-889b-015f29a373b5?path=/Monoamine%20neuropeptide%20lipid%20module%20evidence
9,serotonin,Serotonin,9.2,5-HT1 and 5-HT5 receptors (Gi-coupled),5-HT1 and 5-HT5 receptors (Gi-coupled),supported_as_named,High,6,38,[Giu14]; [Azi20],Retained after audit: the locked genes form a coherent subprocess matching the original module label.,https://app.undermind.ai/projects/4a4c1774-bd88-462d-889b-015f29a373b5?path=/Monoamine%20neuropeptide%20lipid%20module%20evidence
9,serotonin,Serotonin,9.3,5-HT2 receptors (Gq-coupled),5-HT2 receptors (Gq-coupled),supported_as_named,High,3,51,[Giu14]; [Azi20],Retained after audit: the locked genes form a coherent subprocess matching the original module label.,https://app.undermind.ai/projects/4a4c1774-bd88-462d-889b-015f29a373b5?path=/Monoamine%20neuropeptide%20lipid%20module%20evidence
9,serotonin,Serotonin,9.4,5-HT3 receptors (ligand-gated ion channel),5-HT3 receptors (ligand-gated ion channel),supported_as_named,High,5,24,[Giu14]; [Azi20],Retained after audit: the locked genes form a coherent subprocess matching the original module label.,https://app.undermind.ai/projects/4a4c1774-bd88-462d-889b-015f29a373b5?path=/Monoamine%20neuropeptide%20lipid%20module%20evidence
9,serotonin,Serotonin,9.5,"5-HT4, 5-HT6 and 5-HT7 receptors (Gs-coupled)","5-HT4, 5-HT6 and 5-HT7 receptors (Gs-coupled)",supported_as_named,High,3,29,[Giu14]; [Azi20],Retained after audit: the locked genes form a coherent subprocess matching the original module label.,https://app.undermind.ai/projects/4a4c1774-bd88-462d-889b-015f29a373b5?path=/Monoamine%20neuropeptide%20lipid%20module%20evidence
9,serotonin,Serotonin,9.6,Serotonergic neuron identity,Serotonergic neuron identity,supported_as_named,High,6,62,[Spe17]; [Fla11],Retained after audit: the locked genes form a coherent subprocess matching the original module label.,https://app.undermind.ai/projects/4a4c1774-bd88-462d-889b-015f29a373b5?path=/Monoamine%20neuropeptide%20lipid%20module%20evidence
9,serotonin,Serotonin,9.7,Transcriptional control of HTR1A and SLC6A4,Transcriptional control of HTR1A and SLC6A4,supported_as_named,High,4,53,[Spe17]; [Giu14],Retained after audit: the locked genes form a coherent subprocess matching the original module label.,https://app.undermind.ai/projects/4a4c1774-bd88-462d-889b-015f29a373b5?path=/Monoamine%20neuropeptide%20lipid%20module%20evidence
10,noradrenaline,Noradrenaline & sympathetic nervous system,10.1,"Noradrenaline synthesis, vesicular storage and clearance","Synthesis, storage and clearance",renamed_for_mechanistic_precision,High,6,45,[Nag07]; [Azi20],"DBH/PNMT synthesize catecholamines, SLC18A1 mediates vesicular monoamine storage, SLC6A2 clears norepinephrine, and chromogranins organize secretory granules.",https://app.undermind.ai/projects/4a4c1774-bd88-462d-889b-015f29a373b5?path=/Monoamine%20neuropeptide%20lipid%20module%20evidence
10,noradrenaline,Noradrenaline & sympathetic nervous system,10.2,Alpha-1 adrenoceptors,Alpha-1 adrenoceptors,supported_as_named,High,3,26,[Azi20]; [Lef98],Retained after audit: the locked genes form a coherent subprocess matching the original module label.,https://app.undermind.ai/projects/4a4c1774-bd88-462d-889b-015f29a373b5?path=/Monoamine%20neuropeptide%20lipid%20module%20evidence
10,noradrenaline,Noradrenaline & sympathetic nervous system,10.3,α2-adrenoceptors and inhibitory/autoreceptor feedback,Alpha-2 adrenoceptors (autoreceptor feedback),renamed_for_mechanistic_precision,High,3,11,[Sta01]; [Azi20],"α2 receptors are Gi/o-coupled inhibitory receptors; α2A is a canonical autoreceptor but the family also acts heterosynaptically/postsynaptically, so 'autoreceptor' alone overgeneralized.",https://app.undermind.ai/projects/4a4c1774-bd88-462d-889b-015f29a373b5?path=/Monoamine%20neuropeptide%20lipid%20module%20evidence
10,noradrenaline,Noradrenaline & sympathetic nervous system,10.4,Beta adrenoceptors,Beta adrenoceptors,supported_as_named,High,3,14,[Azi20]; [Lef98],Retained after audit: the locked genes form a coherent subprocess matching the original module label.,https://app.undermind.ai/projects/4a4c1774-bd88-462d-889b-015f29a373b5?path=/Monoamine%20neuropeptide%20lipid%20module%20evidence
10,noradrenaline,Noradrenaline & sympathetic nervous system,10.5,Neuropeptide Y co-transmission,Neuropeptide Y co-transmission,supported_as_named,Moderate,5,34,[Azi20],Retained after audit: the locked genes form a coherent subprocess matching the original module label.,https://app.undermind.ai/projects/4a4c1774-bd88-462d-889b-015f29a373b5?path=/Monoamine%20neuropeptide%20lipid%20module%20evidence
10,noradrenaline,Noradrenaline & sympathetic nervous system,10.6,Sympathoadrenal development,Sympathoadrenal development,supported_as_named,High,3,18,[Fla11]; [Nag07],Retained after audit: the locked genes form a coherent subprocess matching the original module label.,https://app.undermind.ai/projects/4a4c1774-bd88-462d-889b-015f29a373b5?path=/Monoamine%20neuropeptide%20lipid%20module%20evidence
10,noradrenaline,Noradrenaline & sympathetic nervous system,10.7,Cholinergic autonomic signaling,Parasympathetic counterbalance,renamed_for_mechanistic_precision,High,8,94,[Azi20]; [Lef98],"The set contains acetylcholine synthesis/clearance, muscarinic receptors, nicotinic ganglionic receptors and choline uptake; several components are shared across autonomic divisions and are not exclusively parasympathetic.",https://app.undermind.ai/projects/4a4c1774-bd88-462d-889b-015f29a373b5?path=/Monoamine%20neuropeptide%20lipid%20module%20evidence
11,monoamine,"Monoamine synthesis, transport & degradation",11.1,Rate-limiting hydroxylases and decarboxylation,Rate-limiting hydroxylases and decarboxylation,supported_as_named,High,3,32,[Wal17]; [Nag07],Retained after audit: the locked genes form a coherent subprocess matching the original module label.,https://app.undermind.ai/projects/4a4c1774-bd88-462d-889b-015f29a373b5?path=/Monoamine%20neuropeptide%20lipid%20module%20evidence
11,monoamine,"Monoamine synthesis, transport & degradation",11.2,Tetrahydrobiopterin cofactor cycle,Tetrahydrobiopterin cofactor cycle,supported_as_named,High,7,23,[Tho00]; [Fan20],Retained after audit: the locked genes form a coherent subprocess matching the original module label.,https://app.undermind.ai/projects/4a4c1774-bd88-462d-889b-015f29a373b5?path=/Monoamine%20neuropeptide%20lipid%20module%20evidence
11,monoamine,"Monoamine synthesis, transport & degradation",11.3,Vesicular and uptake-2 transporters,Vesicular and uptake-2 transporters,supported_as_named,High,3,23,[Ram02]; [Azi20],Retained after audit: the locked genes form a coherent subprocess matching the original module label.,https://app.undermind.ai/projects/4a4c1774-bd88-462d-889b-015f29a373b5?path=/Monoamine%20neuropeptide%20lipid%20module%20evidence
11,monoamine,"Monoamine synthesis, transport & degradation",11.4,Oxidative deamination and aldehyde handling,Oxidative deamination and aldehyde handling,supported_as_named,High,5,60,[Azi20]; [Nag07],Retained after audit: the locked genes form a coherent subprocess matching the original module label.,https://app.undermind.ai/projects/4a4c1774-bd88-462d-889b-015f29a373b5?path=/Monoamine%20neuropeptide%20lipid%20module%20evidence
11,monoamine,"Monoamine synthesis, transport & degradation",11.5,Trace-amine-associated receptor signaling,Sulfoconjugation and trace amines,renamed_to_correct_process_mismatch,Moderate,1,1,[Azi20],"TAAR6 is a trace-amine-associated receptor gene; there are no sulfotransferase genes in this locked module, so 'sulfoconjugation' was inaccurate.",https://app.undermind.ai/projects/4a4c1774-bd88-462d-889b-015f29a373b5?path=/Monoamine%20neuropeptide%20lipid%20module%20evidence
12,opioid,Opioid & melanocortin,12.1,Opioid receptors,Opioid receptors,supported_as_named,High,4,39,[Alh11]; [Fri20],Retained after audit: the locked genes form a coherent subprocess matching the original module label.,https://app.undermind.ai/projects/4a4c1774-bd88-462d-889b-015f29a373b5?path=/Monoamine%20neuropeptide%20lipid%20module%20evidence
12,opioid,Opioid & melanocortin,12.2,Endogenous opioid peptides,Endogenous opioid peptides,supported_as_named,High,3,37,[Fri20]; [Alh11],Retained after audit: the locked genes form a coherent subprocess matching the original module label.,https://app.undermind.ai/projects/4a4c1774-bd88-462d-889b-015f29a373b5?path=/Monoamine%20neuropeptide%20lipid%20module%20evidence
12,opioid,Opioid & melanocortin,12.3,Peptide degradation,Peptide degradation,supported_as_named,Moderate,5,65,[Fri20]; [Alh11],Retained after audit: the locked genes form a coherent subprocess matching the original module label.,https://app.undermind.ai/projects/4a4c1774-bd88-462d-889b-015f29a373b5?path=/Monoamine%20neuropeptide%20lipid%20module%20evidence
12,opioid,Opioid & melanocortin,12.4,MC1R melanocortin signaling and ASIP antagonism,Melanocortin receptors and accessory proteins,renamed_for_mechanistic_precision,High,2,10,[Gar05]; [Con06],MC1R is a melanocortin GPCR and ASIP is its physiological antagonist/inverse agonist; the prior generic accessory-protein label was imprecise.,https://app.undermind.ai/projects/4a4c1774-bd88-462d-889b-015f29a373b5?path=/Monoamine%20neuropeptide%20lipid%20module%20evidence
12,opioid,Opioid & melanocortin,12.5,GIRK channel effectors,GIRK channel effectors,supported_as_named,High,3,51,[Alh11]; [Lef98],Retained after audit: the locked genes form a coherent subprocess matching the original module label.,https://app.undermind.ai/projects/4a4c1774-bd88-462d-889b-015f29a373b5?path=/Monoamine%20neuropeptide%20lipid%20module%20evidence
13,orexin,Orexin / hypocretin & MCH,13.1,Orexin,Orexin,supported_as_named,High,3,18,[Ale13]; [Con21],Retained after audit: the locked genes form a coherent subprocess matching the original module label.,https://app.undermind.ai/projects/4a4c1774-bd88-462d-889b-015f29a373b5?path=/Monoamine%20neuropeptide%20lipid%20module%20evidence
13,orexin,Orexin / hypocretin & MCH,13.2,Melanin-concentrating hormone,Melanin-concentrating hormone,supported_as_named,High,3,11,[Con21]; [Ale13],Retained after audit: the locked genes form a coherent subprocess matching the original module label.,https://app.undermind.ai/projects/4a4c1774-bd88-462d-889b-015f29a373b5?path=/Monoamine%20neuropeptide%20lipid%20module%20evidence
13,orexin,Orexin / hypocretin & MCH,13.3,Histamine H1/H3 and neuropeptide-S arousal signaling,Histaminergic and neuropeptide-S arousal partners,renamed_for_mechanistic_precision,Moderate,5,58,[Sha15]; [Pap09]; [Ana09],HRH1/HRH3 and HDC map to histaminergic arousal while NPS/NPSR1 form a distinct arousal/anxiety transmitter system; the label now makes the two partners explicit.,https://app.undermind.ai/projects/4a4c1774-bd88-462d-889b-015f29a373b5?path=/Monoamine%20neuropeptide%20lipid%20module%20evidence
13,orexin,Orexin / hypocretin & MCH,13.4,Histamine clearance and H2/H4 receptor signaling,Histaminergic arousal,renamed_for_mechanistic_precision,Moderate,3,20,[Sha15]; [Ana09],"HNMT metabolizes histamine, whereas HRH2/HRH4 are receptor branches; calling the entire set 'histaminergic arousal' obscured these functions.",https://app.undermind.ai/projects/4a4c1774-bd88-462d-889b-015f29a373b5?path=/Monoamine%20neuropeptide%20lipid%20module%20evidence
14,endocannabinoid,Endocannabinoid,14.1,Cannabinoid and cannabinoid-responsive receptors,Receptors,renamed_to_correct_receptor_classification,High,4,39,[Per10]; [Kat12],"CNR2/CB2 is a bona fide cannabinoid receptor; GPR18, GPR55 and TRPV1 are cannabinoid-responsive non-CB1/CB2 targets and should not all be labeled canonical cannabinoid receptors.",https://app.undermind.ai/projects/4a4c1774-bd88-462d-889b-015f29a373b5?path=/Monoamine%20neuropeptide%20lipid%20module%20evidence
14,endocannabinoid,Endocannabinoid,14.2,Anandamide synthesis and degradation,Anandamide synthesis and degradation,supported_as_named,High,4,31,[Ahn08]; [Kat12],Retained after audit: the locked genes form a coherent subprocess matching the original module label.,https://app.undermind.ai/projects/4a4c1774-bd88-462d-889b-015f29a373b5?path=/Monoamine%20neuropeptide%20lipid%20module%20evidence
14,endocannabinoid,Endocannabinoid,14.3,2-AG synthesis and degradation,2-AG synthesis and degradation,supported_as_named,High,5,110,[Ahn08]; [Kat12],Retained after audit: the locked genes form a coherent subprocess matching the original module label.,https://app.undermind.ai/projects/4a4c1774-bd88-462d-889b-015f29a373b5?path=/Monoamine%20neuropeptide%20lipid%20module%20evidence
14,endocannabinoid,Endocannabinoid,14.4,Endocannabinoid/lipid transport and PPARα signaling,Transport and related lipid signalling,renamed_for_mechanistic_precision,High,4,24,[Kat12]; [Ahn08],"FABP5/7 participate in lipid/endocannabinoid intracellular handling, CES1 can hydrolyze lipids, and PPARA is a nuclear lipid-sensing receptor; 'transport' alone was incomplete.",https://app.undermind.ai/projects/4a4c1774-bd88-462d-889b-015f29a373b5?path=/Monoamine%20neuropeptide%20lipid%20module%20evidence
15,kynurenine,Kynurenine pathway,15.1,Tryptophan transport and kynurenine-pathway entry,Tryptophan entry and first committed step,renamed_for_mechanistic_precision,High,6,111,[Bad17]; [Poc24],SLC7A5/8 provide aromatic amino-acid transport and TDO2/IDO1/2/AFMID govern initial tryptophan-to-kynurenine pathway entry.,https://app.undermind.ai/projects/4a4c1774-bd88-462d-889b-015f29a373b5?path=/Monoamine%20neuropeptide%20lipid%20module%20evidence
15,kynurenine,Kynurenine pathway,15.2,Neuroprotective branch (kynurenic acid),Neuroprotective branch (kynurenic acid),supported_as_named,High,4,28,[Ros19]; [Poc24],Retained after audit: the locked genes form a coherent subprocess matching the original module label.,https://app.undermind.ai/projects/4a4c1774-bd88-462d-889b-015f29a373b5?path=/Monoamine%20neuropeptide%20lipid%20module%20evidence
15,kynurenine,Kynurenine pathway,15.3,3-HK/quinolinic-acid branch and quinolinate control,Neurotoxic branch (quinolinic acid),renamed_to_remove_valence_overgeneralization,High,5,56,[Bad17]; [Poc24]; [Mof20],"KMO/KYNU/HAAO generate the 3-HK-to-quinolinate arm, but ACMSD diverts flux and QPRT consumes quinolinate for NAD synthesis; 'neurotoxic branch' was an overgeneralization.",https://app.undermind.ai/projects/4a4c1774-bd88-462d-889b-015f29a373b5?path=/Monoamine%20neuropeptide%20lipid%20module%20evidence
15,kynurenine,Kynurenine pathway,15.4,"NAD metabolism: de novo completion, salvage and phosphorylation",NAD+ synthesis and salvage,renamed_for_mechanistic_precision,High,5,55,[Mof20]; [Ors08],"NADSYN1 contributes to de novo NAD synthesis, NAMPT/NMNAT1/2 to salvage, and NADK phosphorylates NAD; the locked genes span multiple NAD-handling subprocesses.",https://app.undermind.ai/projects/4a4c1774-bd88-462d-889b-015f29a373b5?path=/Monoamine%20neuropeptide%20lipid%20module%20evidence
15,kynurenine,Kynurenine pathway,15.5,Aryl hydrocarbon receptor signalling,Aryl hydrocarbon receptor signalling,supported_as_named,Moderate,4,91,[Bad17]; [Poc24],Retained after audit: the locked genes form a coherent subprocess matching the original module label.,https://app.undermind.ai/projects/4a4c1774-bd88-462d-889b-015f29a373b5?path=/Monoamine%20neuropeptide%20lipid%20module%20evidence
16,glutamate,Glutamate & synaptic scaffolding,16.1,Glutamate metabolism and cycling,Glutamate metabolism and cycling,supported_as_named,High,11,128,[Vol15]; [Mei18],Retained after audit: the locked genes form a coherent subprocess matching the original module label.,https://app.undermind.ai/projects/4a4c1774-bd88-462d-889b-015f29a373b5?path=/Synaptic%20plasticity%20GPCR%20psychiatric%20module%20evidence
16,glutamate,Glutamate & synaptic scaffolding,16.2,NMDA receptors and coagonist supply,NMDA receptors and coagonist supply,supported_as_named,High,11,122,[Vol15]; [Nea19],Retained after audit: the locked genes form a coherent subprocess matching the original module label.,https://app.undermind.ai/projects/4a4c1774-bd88-462d-889b-015f29a373b5?path=/Synaptic%20plasticity%20GPCR%20psychiatric%20module%20evidence
16,glutamate,Glutamate & synaptic scaffolding,16.3,"AMPA, kainate and delta-family ionotropic glutamate receptors",AMPA and kainate receptors,renamed_to_correct_receptor_family,High,13,369,[Hug13]; [Yuz17],GRID1/GluD1 and GRID2/GluD2 form the delta-family iGluR subfamily and are not AMPA or kainate receptors; the label is corrected without moving genes.,https://app.undermind.ai/projects/4a4c1774-bd88-462d-889b-015f29a373b5?path=/Synaptic%20plasticity%20GPCR%20psychiatric%20module%20evidence
16,glutamate,Glutamate & synaptic scaffolding,16.4,Metabotropic glutamate receptors,Metabotropic glutamate receptors,supported_as_named,High,8,138,[Vol15]; [Hug13],Retained after audit: the locked genes form a coherent subprocess matching the original module label.,https://app.undermind.ai/projects/4a4c1774-bd88-462d-889b-015f29a373b5?path=/Synaptic%20plasticity%20GPCR%20psychiatric%20module%20evidence
16,glutamate,Glutamate & synaptic scaffolding,16.5,Postsynaptic density scaffolds and signaling hubs,Postsynaptic density scaffold,renamed_for_mechanistic_precision,High,18,781,[Vol15]; [Hug13],"DLG/DLGAP/HOMER/SHANK/CASK/SYNGAP are PSD scaffolds/signaling organizers, whereas TSC1/TSC2 are better viewed as mTOR-linked signaling regulators; 'scaffold' alone was too narrow.",https://app.undermind.ai/projects/4a4c1774-bd88-462d-889b-015f29a373b5?path=/Synaptic%20plasticity%20GPCR%20psychiatric%20module%20evidence
17,gaba,GABA & excitation-inhibition balance,17.1,"GABA synthesis, reuptake and catabolism","GABA synthesis, vesicular loading and catabolism",renamed_to_remove_unsupported_vesicular_loading,High,8,111,[Sas11]; [Che22],"GAD1/2 synthesize GABA, SLC6 transporters mediate plasma-membrane uptake and ABAT/ALDH5A1 catabolize it; the locked set lacks SLC32A1/VGAT, so 'vesicular loading' was unsupported.",https://app.undermind.ai/projects/4a4c1774-bd88-462d-889b-015f29a373b5?path=/Synaptic%20plasticity%20GPCR%20psychiatric%20module%20evidence
17,gaba,GABA & excitation-inhibition balance,17.2,GABA-A alpha subunits,GABA-A alpha subunits,supported_as_named,High,6,86,[Sas11]; [Che22],Retained after audit: the locked genes form a coherent subprocess matching the original module label.,https://app.undermind.ai/projects/4a4c1774-bd88-462d-889b-015f29a373b5?path=/Synaptic%20plasticity%20GPCR%20psychiatric%20module%20evidence
17,gaba,GABA & excitation-inhibition balance,17.3,"GABA-A beta, gamma, delta and minor subunits","GABA-A beta, gamma, delta and minor subunits",supported_as_named,High,10,188,[Sas11]; [Che22],Retained after audit: the locked genes form a coherent subprocess matching the original module label.,https://app.undermind.ai/projects/4a4c1774-bd88-462d-889b-015f29a373b5?path=/Synaptic%20plasticity%20GPCR%20psychiatric%20module%20evidence
17,gaba,GABA & excitation-inhibition balance,17.4,GABA-B receptors and auxiliary subunits,GABA-B receptors and auxiliary subunits,supported_as_named,High,4,85,[Sas11]; [Che22],Retained after audit: the locked genes form a coherent subprocess matching the original module label.,https://app.undermind.ai/projects/4a4c1774-bd88-462d-889b-015f29a373b5?path=/Synaptic%20plasticity%20GPCR%20psychiatric%20module%20evidence
17,gaba,GABA & excitation-inhibition balance,17.5,Chloride gradient and the developmental GABA switch,Chloride gradient and the developmental GABA switch,supported_as_named,High,6,78,[Che22]; [Hui22],Retained after audit: the locked genes form a coherent subprocess matching the original module label.,https://app.undermind.ai/projects/4a4c1774-bd88-462d-889b-015f29a373b5?path=/Synaptic%20plasticity%20GPCR%20psychiatric%20module%20evidence
17,gaba,GABA & excitation-inhibition balance,17.6,Interneuron identity and perineuronal-net components,Interneuron identity and perineuronal nets,renamed_for_mechanistic_precision,High,7,78,[Sas11]; [Che22],"PVALB/SST/VIP/CCK/LHX6 mark/specify interneuron classes, whereas ACAN/BCAN are extracellular-matrix/perineuronal-net components.",https://app.undermind.ai/projects/4a4c1774-bd88-462d-889b-015f29a373b5?path=/Synaptic%20plasticity%20GPCR%20psychiatric%20module%20evidence
17,gaba,GABA & excitation-inhibition balance,17.7,Inhibitory postsynaptic scaffold,Inhibitory postsynaptic scaffold,supported_as_named,High,2,47,[Pap11]; [Ali20],Retained after audit: the locked genes form a coherent subprocess matching the original module label.,https://app.undermind.ai/projects/4a4c1774-bd88-462d-889b-015f29a373b5?path=/Synaptic%20plasticity%20GPCR%20psychiatric%20module%20evidence
18,neurotrophins,Neurotrophins & activity-dependent plasticity,18.1,Neurotrophic factors and their receptors,Neurotrophins and their receptors,renamed_for_mechanistic_precision,High,13,218,[Hua01]; [Iba17],The set includes classical neurotrophin/Trk signaling and the mechanistically distinct GDNF-GFRα-RET system; 'neurotrophins' alone can imply only the NGF family.,https://app.undermind.ai/projects/4a4c1774-bd88-462d-889b-015f29a373b5?path=/Synaptic%20plasticity%20GPCR%20psychiatric%20module%20evidence
18,neurotrophins,Neurotrophins & activity-dependent plasticity,18.2,Immediate-early genes,Immediate-early genes,supported_as_named,Moderate,11,74,[Hua01]; [Lea14],Retained after audit: the locked genes form a coherent subprocess matching the original module label.,https://app.undermind.ai/projects/4a4c1774-bd88-462d-889b-015f29a373b5?path=/Synaptic%20plasticity%20GPCR%20psychiatric%20module%20evidence
18,neurotrophins,Neurotrophins & activity-dependent plasticity,18.3,CREB/CREM coactivator-dependent transcription,CREB-dependent transcription,renamed_for_mechanistic_precision,High,3,45,[Esv20]; [Lea14],CREM is a CRE-binding transcription factor and CRTC1/2 are CREB/CREM coactivators; the revised label matches the actual locked genes.,https://app.undermind.ai/projects/4a4c1774-bd88-462d-889b-015f29a373b5?path=/Synaptic%20plasticity%20GPCR%20psychiatric%20module%20evidence
18,neurotrophins,Neurotrophins & activity-dependent plasticity,18.4,Presynaptic vesicle/terminal machinery and activity-regulated VGF,Synaptic vesicle and terminal machinery,renamed_for_mechanistic_precision,High,9,145,[Lea14]; [Hua01],"Most genes encode vesicle/exocytotic machinery, while VGF is an activity-regulated neurosecretory precursor rather than a core vesicle-fusion protein.",https://app.undermind.ai/projects/4a4c1774-bd88-462d-889b-015f29a373b5?path=/Synaptic%20plasticity%20GPCR%20psychiatric%20module%20evidence
18,neurotrophins,Neurotrophins & activity-dependent plasticity,18.5,Local translation and structural plasticity,Local translation and structural plasticity,supported_as_named,High,5,101,[Lea14]; [Tak04],Retained after audit: the locked genes form a coherent subprocess matching the original module label.,https://app.undermind.ai/projects/4a4c1774-bd88-462d-889b-015f29a373b5?path=/Synaptic%20plasticity%20GPCR%20psychiatric%20module%20evidence
18,neurotrophins,Neurotrophins & activity-dependent plasticity,18.6,BDNF transcriptional regulation,BDNF promoter transcription factors,renamed_for_mechanistic_precision,High,7,37,[Esv20]; [Lea14],BDNF-AS and the listed transcription factors regulate BDNF expression; 'promoter transcription factors' was too restrictive because BDNF-AS is a regulatory RNA.,https://app.undermind.ai/projects/4a4c1774-bd88-462d-889b-015f29a373b5?path=/Synaptic%20plasticity%20GPCR%20psychiatric%20module%20evidence
19,gpcr,GPCR signalling & second messengers,19.1,Adenylyl cyclases,Adenylyl cyclases,supported_as_named,High,8,165,[Lef98]; [Tas04],Retained after audit: the locked genes form a coherent subprocess matching the original module label.,https://app.undermind.ai/projects/4a4c1774-bd88-462d-889b-015f29a373b5?path=/Synaptic%20plasticity%20GPCR%20psychiatric%20module%20evidence
19,gpcr,GPCR signalling & second messengers,19.2,Heterotrimeric G protein subunits,Heterotrimeric G protein subunits,supported_as_named,High,7,202,[Lef98]; [Ger16],Retained after audit: the locked genes form a coherent subprocess matching the original module label.,https://app.undermind.ai/projects/4a4c1774-bd88-462d-889b-015f29a373b5?path=/Synaptic%20plasticity%20GPCR%20psychiatric%20module%20evidence
19,gpcr,GPCR signalling & second messengers,19.3,PKA holoenzyme and AKAP anchoring,PKA holoenzyme and AKAP anchoring,supported_as_named,High,9,141,[Tas04]; [San11],Retained after audit: the locked genes form a coherent subprocess matching the original module label.,https://app.undermind.ai/projects/4a4c1774-bd88-462d-889b-015f29a373b5?path=/Synaptic%20plasticity%20GPCR%20psychiatric%20module%20evidence
19,gpcr,GPCR signalling & second messengers,19.4,Cyclic nucleotide degradation,Cyclic nucleotide degradation,supported_as_named,High,5,182,[Tas04]; [Lef98],Retained after audit: the locked genes form a coherent subprocess matching the original module label.,https://app.undermind.ai/projects/4a4c1774-bd88-462d-889b-015f29a373b5?path=/Synaptic%20plasticity%20GPCR%20psychiatric%20module%20evidence
19,gpcr,GPCR signalling & second messengers,19.5,Receptor desensitisation and arrestins,Receptor desensitisation and arrestins,supported_as_named,High,6,121,[Raj17]; [Lef98],Retained after audit: the locked genes form a coherent subprocess matching the original module label.,https://app.undermind.ai/projects/4a4c1774-bd88-462d-889b-015f29a373b5?path=/Synaptic%20plasticity%20GPCR%20psychiatric%20module%20evidence
19,gpcr,GPCR signalling & second messengers,19.6,Regulators of G protein signalling,Regulators of G protein signalling,supported_as_named,High,3,14,[Ger16]; [Lef98],Retained after audit: the locked genes form a coherent subprocess matching the original module label.,https://app.undermind.ai/projects/4a4c1774-bd88-462d-889b-015f29a373b5?path=/Synaptic%20plasticity%20GPCR%20psychiatric%20module%20evidence
19,gpcr,GPCR signalling & second messengers,19.7,CRE-dependent transcription,CRE-dependent transcription,supported_as_named,High,2,11,[Tas04]; [Lef98],Retained after audit: the locked genes form a coherent subprocess matching the original module label.,https://app.undermind.ai/projects/4a4c1774-bd88-462d-889b-015f29a373b5?path=/Synaptic%20plasticity%20GPCR%20psychiatric%20module%20evidence
20,epigenetic,Epigenetic machinery,20.1,DNA methyltransferases and cofactors,DNA methyltransferases and cofactors,supported_as_named,High,9,108,[Gow18]; [Tor15],Retained after audit: the locked genes form a coherent subprocess matching the original module label.,https://app.undermind.ai/projects/4a4c1774-bd88-462d-889b-015f29a373b5?path=/Epigenetic%20immune%20ageing%20metabolic%20module%20evidence
20,epigenetic,Epigenetic machinery,20.2,TET/TDG active DNA demethylation and α-ketoglutarate support,Active demethylation,renamed_for_mechanistic_precision,High,7,65,[Koh13]; [Gow18],TET1-3 and TDG/BER execute active demethylation; IDH1/2 support TET chemistry by controlling α-ketoglutarate/2-HG rather than acting as demethylases.,https://app.undermind.ai/projects/4a4c1774-bd88-462d-889b-015f29a373b5?path=/Epigenetic%20immune%20ageing%20metabolic%20module%20evidence
20,epigenetic,Epigenetic machinery,20.3,Methyl-CpG/modified-DNA binding proteins,Methyl-CpG readers,renamed_for_mechanistic_precision,High,7,102,[Du15]; [Tor15],"MBD/MeCP2/ZBTB proteins are methylated/modified-DNA binding factors, but family members differ in methyl-CpG specificity; 'readers' is retained conceptually with less overgeneralization.",https://app.undermind.ai/projects/4a4c1774-bd88-462d-889b-015f29a373b5?path=/Epigenetic%20immune%20ageing%20metabolic%20module%20evidence
20,epigenetic,Epigenetic machinery,20.4,Histone acetylation writers and erasers,Histone acetylation writers and erasers,supported_as_named,High,16,318,[Tor15]; [Tya16],Retained after audit: the locked genes form a coherent subprocess matching the original module label.,https://app.undermind.ai/projects/4a4c1774-bd88-462d-889b-015f29a373b5?path=/Epigenetic%20immune%20ageing%20metabolic%20module%20evidence
20,epigenetic,Epigenetic machinery,20.5,Histone methylation writers and erasers,Histone methylation writers and erasers,supported_as_named,High,24,365,[Tor15]; [Tya16],Retained after audit: the locked genes form a coherent subprocess matching the original module label.,https://app.undermind.ai/projects/4a4c1774-bd88-462d-889b-015f29a373b5?path=/Epigenetic%20immune%20ageing%20metabolic%20module%20evidence
20,epigenetic,Epigenetic machinery,20.6,"Chromatin insulation, cohesin looping and selected remodelers","Chromatin remodelling, insulation and looping",renamed_for_mechanistic_precision,Moderate,6,112,[Rui21]; [Tya16],"CTCF/CTCFL and RAD21 define insulation/cohesin architecture, whereas ARID1B/SMARCA4/CHD8 are remodelers; this is a mixed but biologically connected chromatin-architecture module.",https://app.undermind.ai/projects/4a4c1774-bd88-462d-889b-015f29a373b5?path=/Epigenetic%20immune%20ageing%20metabolic%20module%20evidence
20,epigenetic,Epigenetic machinery,20.7,MicroRNA processing and effector machinery,Small and long non-coding RNA machinery,renamed_to_correct_ncRNA_scope,High,4,59,[Fin12]; [Tya16],"DROSHA-DGCR8, DICER1 and AGO2 comprise canonical miRNA biogenesis/effector machinery; the locked set does not represent long-noncoding-RNA machinery.",https://app.undermind.ai/projects/4a4c1774-bd88-462d-889b-015f29a373b5?path=/Epigenetic%20immune%20ageing%20metabolic%20module%20evidence
20,epigenetic,Epigenetic machinery,20.8,"ATP-dependent nucleosome remodeling (BAF/SWI-SNF, ISWI and CHD/NuRD)",BAF/SWI-SNF and nucleosome remodelling complexes,renamed_to_correct_remodeler_family_scope,High,14,139,[Tya16]; [Rui21],"The locked genes span several ATP-dependent remodeler families: BAF/SWI-SNF, ISWI (SMARCA5/BPTF) and CHD/NuRD; calling the entire set 'BAF' was inaccurate.",https://app.undermind.ai/projects/4a4c1774-bd88-462d-889b-015f29a373b5?path=/Epigenetic%20immune%20ageing%20metabolic%20module%20evidence
21,imprinted,Imprinted genes & DMRs,21.1,Chromosome 11p15 - IGF2/H19 and KCNQ1 domains,Chromosome 11p15 - IGF2/H19 and KCNQ1 domains,supported_as_named,High,8,237,[Bar11]; [Kel13],Retained after audit: the locked genes form a coherent subprocess matching the original module label.,https://app.undermind.ai/projects/4a4c1774-bd88-462d-889b-015f29a373b5?path=/Epigenetic%20immune%20ageing%20metabolic%20module%20evidence
21,imprinted,Imprinted genes & DMRs,21.2,Chromosome 15q11-q13 - Prader-Willi / Angelman,Chromosome 15q11-q13 - Prader-Willi / Angelman,supported_as_named,High,7,107,[Bar11]; [Kel13],Retained after audit: the locked genes form a coherent subprocess matching the original module label.,https://app.undermind.ai/projects/4a4c1774-bd88-462d-889b-015f29a373b5?path=/Epigenetic%20immune%20ageing%20metabolic%20module%20evidence
21,imprinted,Imprinted genes & DMRs,21.3,Chromosome 14q32 - DLK1-DIO3 domain,Chromosome 14q32 - DLK1-DIO3 domain,supported_as_named,High,3,53,[Bar11]; [Kel13],Retained after audit: the locked genes form a coherent subprocess matching the original module label.,https://app.undermind.ai/projects/4a4c1774-bd88-462d-889b-015f29a373b5?path=/Epigenetic%20immune%20ageing%20metabolic%20module%20evidence
21,imprinted,Imprinted genes & DMRs,21.4,Other established imprinted loci,Other imprinted loci,renamed_for_mechanistic_precision,Moderate,16,328,[Bar11]; [Kel13],The genes are dispersed imprinted loci outside the three named major clusters; 'established' clarifies that this is a locus grouping rather than a single biochemical subprocess.,https://app.undermind.ai/projects/4a4c1774-bd88-462d-889b-015f29a373b5?path=/Epigenetic%20immune%20ageing%20metabolic%20module%20evidence
21,imprinted,Imprinted genes & DMRs,21.5,Imprint establishment and maintenance,Imprint establishment and maintenance,supported_as_named,High,9,68,[Kel13]; [Tak19],Retained after audit: the locked genes form a coherent subprocess matching the original module label.,https://app.undermind.ai/projects/4a4c1774-bd88-462d-889b-015f29a373b5?path=/Epigenetic%20immune%20ageing%20metabolic%20module%20evidence
21,imprinted,Imprinted genes & DMRs,21.6,Metastable epialleles,Metastable epialleles,supported_as_named,Moderate,1,1,[Dom14]; [Bar11],Retained after audit: the locked genes form a coherent subprocess matching the original module label.,https://app.undermind.ai/projects/4a4c1774-bd88-462d-889b-015f29a373b5?path=/Epigenetic%20immune%20ageing%20metabolic%20module%20evidence
22,one_carbon,One-carbon metabolism,22.1,Folate transport and retention,Folate transport and retention,supported_as_named,High,8,44,[Duc16]; [Fro19],Retained after audit: the locked genes form a coherent subprocess matching the original module label.,https://app.undermind.ai/projects/4a4c1774-bd88-462d-889b-015f29a373b5?path=/Epigenetic%20immune%20ageing%20metabolic%20module%20evidence
22,one_carbon,One-carbon metabolism,22.2,Folate cycle,Folate cycle,supported_as_named,High,6,47,[Duc16]; [Fro19],Retained after audit: the locked genes form a coherent subprocess matching the original module label.,https://app.undermind.ai/projects/4a4c1774-bd88-462d-889b-015f29a373b5?path=/Epigenetic%20immune%20ageing%20metabolic%20module%20evidence
22,one_carbon,One-carbon metabolism,22.3,Methionine cycle and remethylation,Methionine cycle and remethylation,supported_as_named,High,8,50,[Duc16]; [Fro19],Retained after audit: the locked genes form a coherent subprocess matching the original module label.,https://app.undermind.ai/projects/4a4c1774-bd88-462d-889b-015f29a373b5?path=/Epigenetic%20immune%20ageing%20metabolic%20module%20evidence
22,one_carbon,One-carbon metabolism,22.4,Transsulfuration and glutathione synthesis,Transsulfuration and glutathione synthesis,supported_as_named,High,5,23,[Duc16]; [Fro19],Retained after audit: the locked genes form a coherent subprocess matching the original module label.,https://app.undermind.ai/projects/4a4c1774-bd88-462d-889b-015f29a373b5?path=/Epigenetic%20immune%20ageing%20metabolic%20module%20evidence
22,one_carbon,One-carbon metabolism,22.5,"Vitamin B12 uptake, trafficking and cobalamin metabolism",Vitamin B12 handling,renamed_for_mechanistic_precision,High,12,123,[Fro19]; [Duc16],"CUBN/AMN/CD320/TCN genes mediate uptake/transport, ABCD4/LMBRD1 trafficking, and MMACHC/MMADHC/MMUT intracellular cobalamin handling.",https://app.undermind.ai/projects/4a4c1774-bd88-462d-889b-015f29a373b5?path=/Epigenetic%20immune%20ageing%20metabolic%20module%20evidence
22,one_carbon,One-carbon metabolism,22.6,"Choline uptake, phosphatidylcholine and betaine-linked metabolism",Choline and betaine,renamed_for_mechanistic_precision,High,5,89,[Duc16]; [Fro19],SLC44A1/CHKA/PCYT1A/PEMT cover choline/phosphatidylcholine metabolism and CHDH links choline oxidation to betaine/one-carbon metabolism.,https://app.undermind.ai/projects/4a4c1774-bd88-462d-889b-015f29a373b5?path=/Epigenetic%20immune%20ageing%20metabolic%20module%20evidence
22,one_carbon,One-carbon metabolism,22.7,Methyl-group handling and one-carbon disposal,SAM consumption and methyl-group disposal,renamed_for_mechanistic_precision,High,4,40,[Duc16]; [Fro19],"GNMT regulates SAM-dependent methyl flux, while ALDH1L1, FTCD and SARDH handle/dispose one-carbon units from folate, histidine and sarcosine metabolism.",https://app.undermind.ai/projects/4a4c1774-bd88-462d-889b-015f29a373b5?path=/Epigenetic%20immune%20ageing%20metabolic%20module%20evidence
22,one_carbon,One-carbon metabolism,22.8,Mitochondrial one-carbon supply (glycine cleavage),Mitochondrial one-carbon supply (glycine cleavage),supported_as_named,High,2,23,[Duc16]; [Fro19],Retained after audit: the locked genes form a coherent subprocess matching the original module label.,https://app.undermind.ai/projects/4a4c1774-bd88-462d-889b-015f29a373b5?path=/Epigenetic%20immune%20ageing%20metabolic%20module%20evidence
23,circadian,Circadian & melatonin,23.1,Core clock - positive limb,Core clock - positive limb,supported_as_named,High,4,54,[Tak16]; [Gol10],Retained after audit: the locked genes form a coherent subprocess matching the original module label.,https://app.undermind.ai/projects/4a4c1774-bd88-462d-889b-015f29a373b5?path=/Epigenetic%20immune%20ageing%20metabolic%20module%20evidence
23,circadian,Circadian & melatonin,23.2,Core clock - negative limb,Core clock - negative limb,supported_as_named,High,5,42,[Tak16]; [Gol10],Retained after audit: the locked genes form a coherent subprocess matching the original module label.,https://app.undermind.ai/projects/4a4c1774-bd88-462d-889b-015f29a373b5?path=/Epigenetic%20immune%20ageing%20metabolic%20module%20evidence
23,circadian,Circadian & melatonin,23.3,Secondary stabilizing loop and clock-output transcription factors,Stabilising loop and clock-output transcription factors,renamed_for_mechanistic_precision,High,9,133,[Tak16]; [Gol10],ROR/REV-ERB factors form the secondary stabilizing loop and DBP/HLF/TEF/NFIL3 form clock-output/auxiliary transcriptional circuitry.,https://app.undermind.ai/projects/4a4c1774-bd88-462d-889b-015f29a373b5?path=/Epigenetic%20immune%20ageing%20metabolic%20module%20evidence
23,circadian,Circadian & melatonin,23.4,Post-translational clock control,Post-translational clock control,supported_as_named,High,5,54,[Tak16]; [Gol10],Retained after audit: the locked genes form a coherent subprocess matching the original module label.,https://app.undermind.ai/projects/4a4c1774-bd88-462d-889b-015f29a373b5?path=/Epigenetic%20immune%20ageing%20metabolic%20module%20evidence
23,circadian,Circadian & melatonin,23.5,"Melatonin synthesis, receptors and photic input","Melatonin synthesis, receptors and photic input",supported_as_named,High,6,54,[Har08]; [Gol10],Retained after audit: the locked genes form a coherent subprocess matching the original module label.,https://app.undermind.ai/projects/4a4c1774-bd88-462d-889b-015f29a373b5?path=/Epigenetic%20immune%20ageing%20metabolic%20module%20evidence
24,immune,"Immune, inflammation & HLA",24.1,HLA class I - classical,HLA class I - classical,supported_as_named,High,3,10,[Loz07]; [New12],Retained after audit: the locked genes form a coherent subprocess matching the original module label.,https://app.undermind.ai/projects/4a4c1774-bd88-462d-889b-015f29a373b5?path=/Epigenetic%20immune%20ageing%20metabolic%20module%20evidence
24,immune,"Immune, inflammation & HLA",24.2,"Non-classical HLA-I, MHC-I-related genes and pseudogenes",HLA class I - non-classical and pseudogenes,renamed_for_mechanistic_precision,High,12,63,[Loz07]; [New12],"The set includes non-classical HLA-I genes, MICA/MICB, B2M, transcripts/pseudogenes and related loci; 'HLA-I non-classical and pseudogenes' was too narrow.",https://app.undermind.ai/projects/4a4c1774-bd88-462d-889b-015f29a373b5?path=/Epigenetic%20immune%20ageing%20metabolic%20module%20evidence
24,immune,"Immune, inflammation & HLA",24.3,HLA class II,HLA class II,supported_as_named,High,16,184,[Loz07]; [New12],Retained after audit: the locked genes form a coherent subprocess matching the original module label.,https://app.undermind.ai/projects/4a4c1774-bd88-462d-889b-015f29a373b5?path=/Epigenetic%20immune%20ageing%20metabolic%20module%20evidence
24,immune,"Immune, inflammation & HLA",24.4,Complement,Complement,supported_as_named,High,13,126,[New12]; [Loz07],Retained after audit: the locked genes form a coherent subprocess matching the original module label.,https://app.undermind.ai/projects/4a4c1774-bd88-462d-889b-015f29a373b5?path=/Epigenetic%20immune%20ageing%20metabolic%20module%20evidence
24,immune,"Immune, inflammation & HLA",24.5,Pro-inflammatory cytokines,Pro-inflammatory cytokines,supported_as_named,High,8,62,[Vil17]; [Pla18],Retained after audit: the locked genes form a coherent subprocess matching the original module label.,https://app.undermind.ai/projects/4a4c1774-bd88-462d-889b-015f29a373b5?path=/Epigenetic%20immune%20ageing%20metabolic%20module%20evidence
24,immune,"Immune, inflammation & HLA",24.6,Cytokine receptors and JAK-STAT signalling,Cytokine receptors and JAK-STAT signalling,supported_as_named,High,20,254,[Vil17]; [Pla18],Retained after audit: the locked genes form a coherent subprocess matching the original module label.,https://app.undermind.ai/projects/4a4c1774-bd88-462d-889b-015f29a373b5?path=/Epigenetic%20immune%20ageing%20metabolic%20module%20evidence
24,immune,"Immune, inflammation & HLA",24.7,"Immunoregulatory, type-2 and anti-inflammatory signaling",Anti-inflammatory and resolution,renamed_for_mechanistic_precision,High,6,64,[Vil17]; [Pla18],"IL10/TGFB1/FOXP3 are strongly immunoregulatory, whereas IL4/IL13 are type-2 cytokines whose effects are context-dependent rather than uniformly anti-inflammatory.",https://app.undermind.ai/projects/4a4c1774-bd88-462d-889b-015f29a373b5?path=/Epigenetic%20immune%20ageing%20metabolic%20module%20evidence
24,immune,"Immune, inflammation & HLA",24.8,Innate sensing and the inflammasome,Innate sensing and the inflammasome,supported_as_named,High,20,161,[New12]; [Mas09],Retained after audit: the locked genes form a coherent subprocess matching the original module label.,https://app.undermind.ai/projects/4a4c1774-bd88-462d-889b-015f29a373b5?path=/Epigenetic%20immune%20ageing%20metabolic%20module%20evidence
24,immune,"Immune, inflammation & HLA",24.9,NF-kB pathway,NF-kB pathway,supported_as_named,High,12,116,[New12]; [Pla18],Retained after audit: the locked genes form a coherent subprocess matching the original module label.,https://app.undermind.ai/projects/4a4c1774-bd88-462d-889b-015f29a373b5?path=/Epigenetic%20immune%20ageing%20metabolic%20module%20evidence
24,immune,"Immune, inflammation & HLA",24.10,Acute-phase response and endothelial adhesion,Acute-phase response and endothelial adhesion,supported_as_named,High,6,17,[Loz07]; [New12],Retained after audit: the locked genes form a coherent subprocess matching the original module label.,https://app.undermind.ai/projects/4a4c1774-bd88-462d-889b-015f29a373b5?path=/Epigenetic%20immune%20ageing%20metabolic%20module%20evidence
24,immune,"Immune, inflammation & HLA",24.11,T-cell receptor loci and CCL2 chemotaxis,T-cell receptor loci and chemokines,renamed_for_mechanistic_precision,Moderate,5,7,[Loz07]; [New12],"TRAC/TRDC/TRGC genes form T-cell receptor loci, while CCL2 is a chemokine with leukocyte-recruitment biology; the former combined label obscured this split.",https://app.undermind.ai/projects/4a4c1774-bd88-462d-889b-015f29a373b5?path=/Epigenetic%20immune%20ageing%20metabolic%20module%20evidence
24,immune,"Immune, inflammation & HLA",24.12,Leukocyte activation and inflammatory signaling,Stress-associated methylation candidates,renamed_from_association_label_to_process_label,Moderate,5,66,[Loz07]; [Pla18],"CXCL2, IL1A, LTA, NFATC1 and GPR132 participate in inflammatory/leukocyte activation but do not form a specific 'stress-associated methylation' biochemical subprocess.",https://app.undermind.ai/projects/4a4c1774-bd88-462d-889b-015f29a373b5?path=/Epigenetic%20immune%20ageing%20metabolic%20module%20evidence
24,immune,"Immune, inflammation & HLA",24.13,CCL3 chemokine signaling,Chemokines,renamed_for_mechanistic_precision,Moderate,1,1,[Loz07]; [New12],"A single-gene module is retained because the locked hierarchy requires it, but the label now names the actual chemokine process rather than the broad category 'chemokines'.",https://app.undermind.ai/projects/4a4c1774-bd88-462d-889b-015f29a373b5?path=/Epigenetic%20immune%20ageing%20metabolic%20module%20evidence
25,social_synaptic,Social-synaptic & psychiatric risk,25.1,Neurexin-neuroligin trans-synaptic complex,Neurexin-neuroligin trans-synaptic complex,supported_as_named,High,12,302,[Sud17]; [Vol15],Retained after audit: the locked genes form a coherent subprocess matching the original module label.,https://app.undermind.ai/projects/4a4c1774-bd88-462d-889b-015f29a373b5?path=/Synaptic%20plasticity%20GPCR%20psychiatric%20module%20evidence
25,social_synaptic,Social-synaptic & psychiatric risk,25.2,"Cortical development, migration and Reelin signalling","Cortical development, migration and Reelin signalling",supported_as_named,High,9,338,[Jos20]; [Vol15],Retained after audit: the locked genes form a coherent subprocess matching the original module label.,https://app.undermind.ai/projects/4a4c1774-bd88-462d-889b-015f29a373b5?path=/Synaptic%20plasticity%20GPCR%20psychiatric%20module%20evidence
25,social_synaptic,Social-synaptic & psychiatric risk,25.3,Neuregulin–ERBB and dysbindin-related synaptic signaling,Neuregulin-ERBB signalling,heterogeneous_locked_membership,Moderate,4,163,[Sha12]; [Vol15],"NRG1/NRG3-ERBB4 form a coherent pathway, but DTNBP1/dysbindin is a separate synaptic-vesicle/trafficking risk gene; membership is locked, so the label explicitly flags the mixed content.",https://app.undermind.ai/projects/4a4c1774-bd88-462d-889b-015f29a373b5?path=/Synaptic%20plasticity%20GPCR%20psychiatric%20module%20evidence
25,social_synaptic,Social-synaptic & psychiatric risk,25.4,Activity-dependent and psychiatric-risk transcriptional regulation,Activity-dependent transcription in social circuits,heterogeneous_locked_membership,Moderate,4,96,[Vol15]; [Pas20],"MEF2A/C fit activity-dependent transcription; TCF4 and ZNF804A are psychiatric-risk transcriptional regulators with broader mechanisms, so this is not one linear social-circuit pathway.",https://app.undermind.ai/projects/4a4c1774-bd88-462d-889b-015f29a373b5?path=/Synaptic%20plasticity%20GPCR%20psychiatric%20module%20evidence
25,social_synaptic,Social-synaptic & psychiatric risk,25.5,"Convergent neuronal excitability, nicotinic and growth/cytoskeletal signaling",Cholinergic and other convergent risk loci,heterogeneous_locked_membership,Moderate,5,134,[Pas20]; [Vol15],"ANK3, CHRNA5/7, PTEN and TRIO are mechanistically heterogeneous risk genes converging on excitability, nicotinic transmission and growth/cytoskeletal signaling; no single linear subprocess fits all locked genes.",https://app.undermind.ai/projects/4a4c1774-bd88-462d-889b-015f29a373b5?path=/Synaptic%20plasticity%20GPCR%20psychiatric%20module%20evidence
26,thyroid,Thyroid & neurodevelopment,26.1,TSH signaling and thyroid hormone synthesis,Thyroid hormone synthesis,renamed_for_mechanistic_precision,High,7,94,[Ort16]; [Mio15]; [Cit19],"TSHB/TSHR encode the upstream pituitary ligand/receptor axis, while DUOX2/TPO/TG/SLC5A5/IYD execute thyroid hormonogenesis; the original title omitted the TSH-control layer.",https://app.undermind.ai/projects/4a4c1774-bd88-462d-889b-015f29a373b5?path=/Neuroendocrine%20endocrine%20module%20evidence
26,thyroid,Thyroid & neurodevelopment,26.2,Deiodinases,Deiodinases,supported_as_named,High,3,31,[Ger08]; [Ort16],Retained after audit: the locked genes form a coherent subprocess matching the original module label.,https://app.undermind.ai/projects/4a4c1774-bd88-462d-889b-015f29a373b5?path=/Neuroendocrine%20endocrine%20module%20evidence
26,thyroid,Thyroid & neurodevelopment,26.3,Receptors and heterodimer partners,Receptors and heterodimer partners,supported_as_named,High,3,114,[Bre12]; [Ort16],Retained after audit: the locked genes form a coherent subprocess matching the original module label.,https://app.undermind.ai/projects/4a4c1774-bd88-462d-889b-015f29a373b5?path=/Neuroendocrine%20endocrine%20module%20evidence
26,thyroid,Thyroid & neurodevelopment,26.4,Transport across the blood-brain barrier,Transport across the blood-brain barrier,supported_as_named,High,3,34,[Ort16]; [Bre12],Retained after audit: the locked genes form a coherent subprocess matching the original module label.,https://app.undermind.ai/projects/4a4c1774-bd88-462d-889b-015f29a373b5?path=/Neuroendocrine%20endocrine%20module%20evidence
26,thyroid,Thyroid & neurodevelopment,26.5,Serum binding proteins,Serum binding proteins,supported_as_named,High,2,17,[Ort16]; [Bre12],Retained after audit: the locked genes form a coherent subprocess matching the original module label.,https://app.undermind.ai/projects/4a4c1774-bd88-462d-889b-015f29a373b5?path=/Neuroendocrine%20endocrine%20module%20evidence
26,thyroid,Thyroid & neurodevelopment,26.6,Thyroid development and hypothalamic TRH regulation,Thyroid development and central regulation,renamed_for_mechanistic_precision,High,3,40,[Ort16]; [Jin22],"FOXE1/PAX8 govern thyroid development/differentiation, while TRH is an upstream hypothalamic regulator; the revised title makes both components explicit.",https://app.undermind.ai/projects/4a4c1774-bd88-462d-889b-015f29a373b5?path=/Neuroendocrine%20endocrine%20module%20evidence
27,appetite,Appetite & metabolic programming,27.1,"Adipose, pancreatic and gut signals","Adipose, pancreatic and gut signals",supported_as_named,High,8,94,[Wat21]; [Bal19],Retained after audit: the locked genes form a coherent subprocess matching the original module label.,https://app.undermind.ai/projects/4a4c1774-bd88-462d-889b-015f29a373b5?path=/Neuroendocrine%20endocrine%20module%20evidence
27,appetite,Appetite & metabolic programming,27.2,Hypothalamic melanocortin circuit,Hypothalamic melanocortin circuit,supported_as_named,High,4,19,[Bal19]; [Wat21],Retained after audit: the locked genes form a coherent subprocess matching the original module label.,https://app.undermind.ai/projects/4a4c1774-bd88-462d-889b-015f29a373b5?path=/Neuroendocrine%20endocrine%20module%20evidence
27,appetite,Appetite & metabolic programming,27.3,Leptin and insulin intracellular signalling,Leptin and insulin intracellular signalling,supported_as_named,High,4,83,[Wat21]; [Tow23],Retained after audit: the locked genes form a coherent subprocess matching the original module label.,https://app.undermind.ai/projects/4a4c1774-bd88-462d-889b-015f29a373b5?path=/Neuroendocrine%20endocrine%20module%20evidence
27,appetite,Appetite & metabolic programming,27.4,"Cellular energy sensing, adipogenic and mitochondrial regulation",Energy sensing and mitochondrial uncoupling,renamed_for_mechanistic_precision,High,5,53,[Tow23]; [Wat21],"PRKAA2 is AMPK energy sensing, PPARG adipogenic/lipid regulation, PPARGC1A mitochondrial biogenesis, and UCP2/3 uncoupling; 'energy sensing and uncoupling' was too narrow.",https://app.undermind.ai/projects/4a4c1774-bd88-462d-889b-015f29a373b5?path=/Neuroendocrine%20endocrine%20module%20evidence
27,appetite,Appetite & metabolic programming,27.5,Growth axis and fetal programming,Growth axis and fetal programming,supported_as_named,High,5,117,[Wat21]; [Tow23],Retained after audit: the locked genes form a coherent subprocess matching the original module label.,https://app.undermind.ai/projects/4a4c1774-bd88-462d-889b-015f29a373b5?path=/Neuroendocrine%20endocrine%20module%20evidence
27,appetite,Appetite & metabolic programming,27.6,Lipid metabolism and adiposity-regulatory loci,Adiposity and lipid loci with replicated methylation signal,heterogeneous_convergent_module,Moderate,7,137,[Say16]; [Jon21],"ABCG1/CPT1A/PHGDH/SREBF1 have metabolic roles and FTO/IRX3/TMEM18 are adiposity-regulatory loci; this is a convergent metabolic grouping, not one biochemical pathway or merely a methylation-signal list.",https://app.undermind.ai/projects/4a4c1774-bd88-462d-889b-015f29a373b5?path=/Neuroendocrine%20endocrine%20module%20evidence
27,appetite,Appetite & metabolic programming,27.7,Metabolic adaptation and developmental-programming loci,Prenatal and glycaemic methylation loci,heterogeneous_locked_membership,Moderate,8,300,[Kir16]; [Slo12],"The genes span hypoxia, glycolysis, transcription, RNA modification, endothelial and adipocyte-development processes. Membership is heterogeneous and association-informed, so the revised label avoids implying a single pathway.",https://app.undermind.ai/projects/4a4c1774-bd88-462d-889b-015f29a373b5?path=/Neuroendocrine%20endocrine%20module%20evidence
28,ageing,"Ageing, epigenetic clocks & telomere",28.1,Canonical epigenetic age-associated CpG loci,Clock CpG host genes,measurement_defined_module,Moderate,11,180,[Jun19]; [Li22],These genes are grouped because CpGs at these loci repeatedly predict chronological/epigenetic age; this is a measurement-defined marker module rather than a single biological subprocess.,https://app.undermind.ai/projects/4a4c1774-bd88-462d-889b-015f29a373b5?path=/Epigenetic%20immune%20ageing%20metabolic%20module%20evidence
28,ageing,"Ageing, epigenetic clocks & telomere",28.2,Telomere maintenance,Telomere maintenance,supported_as_named,High,21,188,[Mar16]; [Li22],Retained after audit: the locked genes form a coherent subprocess matching the original module label.,https://app.undermind.ai/projects/4a4c1774-bd88-462d-889b-015f29a373b5?path=/Epigenetic%20immune%20ageing%20metabolic%20module%20evidence
28,ageing,"Ageing, epigenetic clocks & telomere",28.3,Cellular senescence,Cellular senescence,supported_as_named,High,7,223,[Li22]; [Mar16],Retained after audit: the locked genes form a coherent subprocess matching the original module label.,https://app.undermind.ai/projects/4a4c1774-bd88-462d-889b-015f29a373b5?path=/Epigenetic%20immune%20ageing%20metabolic%20module%20evidence
28,ageing,"Ageing, epigenetic clocks & telomere",28.4,Longevity-associated protective and nutrient-sensing loci,Longevity and nutrient sensing,heterogeneous_longevity_loci,Moderate,3,24,[Li22]; [Mar16],"FOXO3, APOE and KL are robust ageing/longevity loci with different mechanisms; the grouping is biologically meaningful but not one linear pathway.",https://app.undermind.ai/projects/4a4c1774-bd88-462d-889b-015f29a373b5?path=/Epigenetic%20immune%20ageing%20metabolic%20module%20evidence
29,oxidative,Oxidative stress & mitochondria,29.1,Antioxidant enzymes,Antioxidant enzymes,supported_as_named,High,10,93,[Din15]; [Sch19],Retained after audit: the locked genes form a coherent subprocess matching the original module label.,https://app.undermind.ai/projects/4a4c1774-bd88-462d-889b-015f29a373b5?path=/Epigenetic%20immune%20ageing%20metabolic%20module%20evidence
29,oxidative,Oxidative stress & mitochondria,29.2,NRF2 pathway,NRF2 pathway,supported_as_named,High,4,40,[Din15]; [Sch19],Retained after audit: the locked genes form a coherent subprocess matching the original module label.,https://app.undermind.ai/projects/4a4c1774-bd88-462d-889b-015f29a373b5?path=/Epigenetic%20immune%20ageing%20metabolic%20module%20evidence
29,oxidative,Oxidative stress & mitochondria,29.3,Glutathione redox regeneration and conjugation,Glutathione conjugation,renamed_for_mechanistic_precision,High,3,18,[Har08b]; [Din15],"GSR regenerates reduced glutathione, while GSTM1/GSTP1 catalyze glutathione conjugation; 'conjugation' alone misclassified GSR.",https://app.undermind.ai/projects/4a4c1774-bd88-462d-889b-015f29a373b5?path=/Epigenetic%20immune%20ageing%20metabolic%20module%20evidence
29,oxidative,Oxidative stress & mitochondria,29.4,Mitochondrial biogenesis and dynamics,Mitochondrial biogenesis and dynamics,supported_as_named,High,6,40,[Din15]; [Gur19],Retained after audit: the locked genes form a coherent subprocess matching the original module label.,https://app.undermind.ai/projects/4a4c1774-bd88-462d-889b-015f29a373b5?path=/Epigenetic%20immune%20ageing%20metabolic%20module%20evidence
29,oxidative,Oxidative stress & mitochondria,29.5,Mitophagy and quality control,Mitophagy and quality control,supported_as_named,High,4,90,[Din15]; [Gur19],Retained after audit: the locked genes form a coherent subprocess matching the original module label.,https://app.undermind.ai/projects/4a4c1774-bd88-462d-889b-015f29a373b5?path=/Epigenetic%20immune%20ageing%20metabolic%20module%20evidence
29,oxidative,Oxidative stress & mitochondria,29.6,ROS production,ROS production,supported_as_named,High,3,38,[Kov14]; [Din15],Retained after audit: the locked genes form a coherent subprocess matching the original module label.,https://app.undermind.ai/projects/4a4c1774-bd88-462d-889b-015f29a373b5?path=/Epigenetic%20immune%20ageing%20metabolic%20module%20evidence
30,pharmacogenes,Pharmacogenes,30.1,Cytochrome P450 drug metabolism,Cytochrome P450 drug metabolism,supported_as_named,High,7,30,[Ahm16]; [Cre10],Retained after audit: the locked genes form a coherent subprocess matching the original module label.,https://app.undermind.ai/projects/4a4c1774-bd88-462d-889b-015f29a373b5?path=/Epigenetic%20immune%20ageing%20metabolic%20module%20evidence
30,pharmacogenes,Pharmacogenes,30.2,Non-CYP drug-metabolizing enzymes,Phase II conjugation,renamed_to_correct_metabolic_classification,High,3,27,[Re17]; [Jan10]; [Cre10],"DPYD catalyzes pyrimidine/fluoropyrimidine catabolism, NAT1 acetylation and TPMT thiopurine methylation. DPYD is not a phase-II conjugating enzyme, so the original label was inaccurate.",https://app.undermind.ai/projects/4a4c1774-bd88-462d-889b-015f29a373b5?path=/Epigenetic%20immune%20ageing%20metabolic%20module%20evidence
30,pharmacogenes,Pharmacogenes,30.3,Drug transporters,Drug transporters,supported_as_named,High,2,17,[Ahm16]; [Cre10],Retained after audit: the locked genes form a coherent subprocess matching the original module label.,https://app.undermind.ai/projects/4a4c1774-bd88-462d-889b-015f29a373b5?path=/Epigenetic%20immune%20ageing%20metabolic%20module%20evidence
